{"v":"5.7.4","fr":24,"ip":0,"op":72,"w":580,"h":80,"nm":"Excavadora_All","ddd":0,"assets":[{"id":"comp_0","layers":[{"ddd":0,"ind":1,"ty":4,"nm":"Brazo 2/Excavadora Outlines","sr":1,"ks":{"o":{"a":0,"k":100,"ix":11},"r":{"a":1,"k":[{"i":{"x":[0.833],"y":[0.833]},"o":{"x":[0.167],"y":[0.167]},"t":0,"s":[-45]},{"i":{"x":[0.833],"y":[0.833]},"o":{"x":[0.167],"y":[0.167]},"t":12,"s":[-64.848]},{"t":24,"s":[-45]}],"ix":10},"p":{"a":1,"k":[{"i":{"x":0.833,"y":0.833},"o":{"x":0.167,"y":0.167},"t":0,"s":[93.516,128.953,0],"to":[0,0,0],"ti":[0,0,0]},{"i":{"x":0.833,"y":0.833},"o":{"x":0.167,"y":0.167},"t":12,"s":[136.016,128.953,0],"to":[0,0,0],"ti":[0,0,0]},{"t":24,"s":[93.516,128.953,0]}],"ix":2,"l":2},"a":{"a":0,"k":[36.891,44.078,0],"ix":1,"l":2},"s":{"a":0,"k":[305.732,305.732,100],"ix":6,"l":2}},"ao":0,"shapes":[{"ty":"gr","it":[{"ind":0,"ty":"sh","ix":1,"ks":{"a":0,"k":{"i":[[1.12,0],[0,1.119],[-1.12,0],[0,-1.12]],"o":[[-1.12,0],[0,-1.12],[1.12,0],[0,1.119]],"v":[[0,2.027],[-2.027,0.001],[0,-2.027],[2.027,0.001]],"c":true},"ix":2},"nm":"Path 1","mn":"ADBE Vector Shape - Group","hd":false},{"ty":"fl","c":{"a":0,"k":[0.20000001496,0.20000001496,0.20000001496,1],"ix":4},"o":{"a":0,"k":100,"ix":5},"r":1,"bm":0,"nm":"Fill 1","mn":"ADBE Vector Graphic - Fill","hd":false},{"ty":"tr","p":{"a":0,"k":[62.483,44.064],"ix":2},"a":{"a":0,"k":[0,0],"ix":1},"s":{"a":0,"k":[100,100],"ix":3},"r":{"a":0,"k":0,"ix":6},"o":{"a":0,"k":100,"ix":7},"sk":{"a":0,"k":0,"ix":4},"sa":{"a":0,"k":0,"ix":5},"nm":"Transform"}],"nm":"Group 1","np":2,"cix":2,"bm":0,"ix":1,"mn":"ADBE Vector Group","hd":false},{"ty":"gr","it":[{"ind":0,"ty":"sh","ix":1,"ks":{"a":0,"k":{"i":[[1.12,0],[0,1.119],[-1.12,0],[0,-1.12]],"o":[[-1.12,0],[0,-1.12],[1.12,0],[0,1.119]],"v":[[0,2.027],[-2.027,0.001],[0,-2.027],[2.027,0.001]],"c":true},"ix":2},"nm":"Path 1","mn":"ADBE Vector Shape - Group","hd":false},{"ty":"fl","c":{"a":0,"k":[0.20000001496,0.20000001496,0.20000001496,1],"ix":4},"o":{"a":0,"k":100,"ix":5},"r":1,"bm":0,"nm":"Fill 1","mn":"ADBE Vector Graphic - Fill","hd":false},{"ty":"tr","p":{"a":0,"k":[36.964,44.064],"ix":2},"a":{"a":0,"k":[0,0],"ix":1},"s":{"a":0,"k":[100,100],"ix":3},"r":{"a":0,"k":0,"ix":6},"o":{"a":0,"k":100,"ix":7},"sk":{"a":0,"k":0,"ix":4},"sa":{"a":0,"k":0,"ix":5},"nm":"Transform"}],"nm":"Group 2","np":2,"cix":2,"bm":0,"ix":2,"mn":"ADBE Vector Group","hd":false},{"ty":"gr","it":[{"ind":0,"ty":"sh","ix":1,"ks":{"a":0,"k":{"i":[[-2.08,0],[0,0],[0,-2.08],[2.08,0],[0,0],[0,2.08]],"o":[[0,0],[2.08,0],[0,2.08],[0,0],[-2.08,0],[0,-2.08]],"v":[[-12.893,-3.766],[12.894,-3.766],[16.66,0],[12.894,3.766],[-12.893,3.766],[-16.66,0]],"c":true},"ix":2},"nm":"Path 1","mn":"ADBE Vector Shape - Group","hd":false},{"ty":"st","c":{"a":0,"k":[0.20000001496,0.20000001496,0.20000001496,1],"ix":3},"o":{"a":0,"k":100,"ix":4},"w":{"a":0,"k":2,"ix":5},"lc":2,"lj":2,"bm":0,"nm":"Stroke 1","mn":"ADBE Vector Graphic - Stroke","hd":false},{"ty":"fl","c":{"a":0,"k":[0.929411824544,0.792156922583,0.443137284821,1],"ix":4},"o":{"a":0,"k":100,"ix":5},"r":1,"bm":0,"nm":"Fill 1","mn":"ADBE Vector Graphic - Fill","hd":false},{"ty":"tr","p":{"a":0,"k":[49.723,44.064],"ix":2},"a":{"a":0,"k":[0,0],"ix":1},"s":{"a":0,"k":[100,100],"ix":3},"r":{"a":0,"k":0,"ix":6},"o":{"a":0,"k":100,"ix":7},"sk":{"a":0,"k":0,"ix":4},"sa":{"a":0,"k":0,"ix":5},"nm":"Transform"}],"nm":"Group 3","np":3,"cix":2,"bm":0,"ix":3,"mn":"ADBE Vector Group","hd":false}],"ip":0,"op":24,"st":0,"bm":0},{"ddd":0,"ind":2,"ty":4,"nm":"Brazo1/Excavadora Outlines","sr":1,"ks":{"o":{"a":0,"k":100,"ix":11},"r":{"a":1,"k":[{"i":{"x":[0.833],"y":[0.833]},"o":{"x":[0.167],"y":[0.167]},"t":0,"s":[45]},{"i":{"x":[0.833],"y":[0.833]},"o":{"x":[0.167],"y":[0.167]},"t":12,"s":[60.825]},{"t":24,"s":[45]}],"ix":10},"p":{"a":1,"k":[{"i":{"x":0.833,"y":0.833},"o":{"x":0.167,"y":0.167},"t":0,"s":[149.047,74.281,0],"to":[0,0,0],"ti":[0,0,0]},{"i":{"x":0.833,"y":0.833},"o":{"x":0.167,"y":0.167},"t":12,"s":[169.547,58.281,0],"to":[0,0,0],"ti":[0,0,0]},{"t":24,"s":[149.047,74.281,0]}],"ix":2,"l":2},"a":{"a":0,"k":[62.453,44.094,0],"ix":1,"l":2},"s":{"a":0,"k":[305.732,305.732,100],"ix":6,"l":2}},"ao":0,"shapes":[{"ty":"gr","it":[{"ind":0,"ty":"sh","ix":1,"ks":{"a":0,"k":{"i":[[1.12,0],[0,1.119],[-1.12,0],[0,-1.12]],"o":[[-1.12,0],[0,-1.12],[1.12,0],[0,1.119]],"v":[[0,2.027],[-2.027,0.001],[0,-2.027],[2.027,0.001]],"c":true},"ix":2},"nm":"Path 1","mn":"ADBE Vector Shape - Group","hd":false},{"ty":"fl","c":{"a":0,"k":[0.20000001496,0.20000001496,0.20000001496,1],"ix":4},"o":{"a":0,"k":100,"ix":5},"r":1,"bm":0,"nm":"Fill 1","mn":"ADBE Vector Graphic - Fill","hd":false},{"ty":"tr","p":{"a":0,"k":[88.001,44.064],"ix":2},"a":{"a":0,"k":[0,0],"ix":1},"s":{"a":0,"k":[100,100],"ix":3},"r":{"a":0,"k":0,"ix":6},"o":{"a":0,"k":100,"ix":7},"sk":{"a":0,"k":0,"ix":4},"sa":{"a":0,"k":0,"ix":5},"nm":"Transform"}],"nm":"Group 1","np":2,"cix":2,"bm":0,"ix":1,"mn":"ADBE Vector Group","hd":false},{"ty":"gr","it":[{"ind":0,"ty":"sh","ix":1,"ks":{"a":0,"k":{"i":[[1.12,0],[0,1.119],[-1.12,0],[0,-1.12]],"o":[[-1.12,0],[0,-1.12],[1.12,0],[0,1.119]],"v":[[0,2.027],[-2.027,0.001],[0,-2.027],[2.027,0.001]],"c":true},"ix":2},"nm":"Path 1","mn":"ADBE Vector Shape - Group","hd":false},{"ty":"fl","c":{"a":0,"k":[0.20000001496,0.20000001496,0.20000001496,1],"ix":4},"o":{"a":0,"k":100,"ix":5},"r":1,"bm":0,"nm":"Fill 1","mn":"ADBE Vector Graphic - Fill","hd":false},{"ty":"tr","p":{"a":0,"k":[62.481,44.064],"ix":2},"a":{"a":0,"k":[0,0],"ix":1},"s":{"a":0,"k":[100,100],"ix":3},"r":{"a":0,"k":0,"ix":6},"o":{"a":0,"k":100,"ix":7},"sk":{"a":0,"k":0,"ix":4},"sa":{"a":0,"k":0,"ix":5},"nm":"Transform"}],"nm":"Group 2","np":2,"cix":2,"bm":0,"ix":2,"mn":"ADBE Vector Group","hd":false},{"ty":"gr","it":[{"ind":0,"ty":"sh","ix":1,"ks":{"a":0,"k":{"i":[[-2.08,0],[0,0],[0,-2.08],[2.08,0],[0,0],[0,2.08]],"o":[[0,0],[2.08,0],[0,2.08],[0,0],[-2.08,0],[0,-2.08]],"v":[[-12.893,-3.766],[12.894,-3.766],[16.66,0],[12.894,3.766],[-12.893,3.766],[-16.66,0]],"c":true},"ix":2},"nm":"Path 1","mn":"ADBE Vector Shape - Group","hd":false},{"ty":"st","c":{"a":0,"k":[0.20000001496,0.20000001496,0.20000001496,1],"ix":3},"o":{"a":0,"k":100,"ix":4},"w":{"a":0,"k":2,"ix":5},"lc":2,"lj":2,"bm":0,"nm":"Stroke 1","mn":"ADBE Vector Graphic - Stroke","hd":false},{"ty":"fl","c":{"a":0,"k":[0.929411824544,0.792156922583,0.443137284821,1],"ix":4},"o":{"a":0,"k":100,"ix":5},"r":1,"bm":0,"nm":"Fill 1","mn":"ADBE Vector Graphic - Fill","hd":false},{"ty":"tr","p":{"a":0,"k":[75.241,44.064],"ix":2},"a":{"a":0,"k":[0,0],"ix":1},"s":{"a":0,"k":[100,100],"ix":3},"r":{"a":0,"k":0,"ix":6},"o":{"a":0,"k":100,"ix":7},"sk":{"a":0,"k":0,"ix":4},"sa":{"a":0,"k":0,"ix":5},"nm":"Transform"}],"nm":"Group 3","np":3,"cix":2,"bm":0,"ix":3,"mn":"ADBE Vector Group","hd":false}],"ip":0,"op":24,"st":0,"bm":0},{"ddd":0,"ind":3,"ty":4,"nm":"Cabina/Excavadora Outlines","sr":1,"ks":{"o":{"a":0,"k":100,"ix":11},"r":{"a":0,"k":0,"ix":10},"p":{"a":1,"k":[{"i":{"x":0.833,"y":0.833},"o":{"x":0.167,"y":0.167},"t":0,"s":[62.75,118.375,0],"to":[0,0,0],"ti":[0,0,0]},{"i":{"x":0.833,"y":0.833},"o":{"x":0.167,"y":0.167},"t":12,"s":[105.25,118.375,0],"to":[0,0,0],"ti":[0,0,0]},{"t":24,"s":[62.75,118.375,0]}],"ix":2,"l":2},"a":{"a":0,"k":[25.75,41.375,0],"ix":1,"l":2},"s":{"a":0,"k":[305.732,305.732,100],"ix":6,"l":2}},"ao":0,"shapes":[{"ty":"gr","it":[{"ind":0,"ty":"sh","ix":1,"ks":{"a":0,"k":{"i":[[1.12,0],[0,1.119],[-1.12,0],[0,-1.12]],"o":[[-1.12,0],[0,-1.12],[1.12,0],[0,1.119]],"v":[[0,2.027],[-2.027,0.001],[0,-2.027],[2.027,0.001]],"c":true},"ix":2},"nm":"Path 1","mn":"ADBE Vector Shape - Group","hd":false},{"ty":"fl","c":{"a":0,"k":[0.20000001496,0.20000001496,0.20000001496,1],"ix":4},"o":{"a":0,"k":100,"ix":5},"r":1,"bm":0,"nm":"Fill 1","mn":"ADBE Vector Graphic - Fill","hd":false},{"ty":"tr","p":{"a":0,"k":[37.917,58.964],"ix":2},"a":{"a":0,"k":[0,0],"ix":1},"s":{"a":0,"k":[100,100],"ix":3},"r":{"a":0,"k":0,"ix":6},"o":{"a":0,"k":100,"ix":7},"sk":{"a":0,"k":0,"ix":4},"sa":{"a":0,"k":0,"ix":5},"nm":"Transform"}],"nm":"Group 1","np":2,"cix":2,"bm":0,"ix":1,"mn":"ADBE Vector Group","hd":false},{"ty":"gr","it":[{"ind":0,"ty":"sh","ix":1,"ks":{"a":0,"k":{"i":[[1.12,0],[0,1.119],[-1.12,0],[0,-1.12]],"o":[[-1.12,0],[0,-1.12],[1.12,0],[0,1.119]],"v":[[0,2.027],[-2.027,0.001],[0,-2.027],[2.027,0.001]],"c":true},"ix":2},"nm":"Path 1","mn":"ADBE Vector Shape - Group","hd":false},{"ty":"fl","c":{"a":0,"k":[0.20000001496,0.20000001496,0.20000001496,1],"ix":4},"o":{"a":0,"k":100,"ix":5},"r":1,"bm":0,"nm":"Fill 1","mn":"ADBE Vector Graphic - Fill","hd":false},{"ty":"tr","p":{"a":0,"k":[13.141,58.964],"ix":2},"a":{"a":0,"k":[0,0],"ix":1},"s":{"a":0,"k":[100,100],"ix":3},"r":{"a":0,"k":0,"ix":6},"o":{"a":0,"k":100,"ix":7},"sk":{"a":0,"k":0,"ix":4},"sa":{"a":0,"k":0,"ix":5},"nm":"Transform"}],"nm":"Group 2","np":2,"cix":2,"bm":0,"ix":2,"mn":"ADBE Vector Group","hd":false},{"ty":"gr","it":[{"ind":0,"ty":"sh","ix":1,"ks":{"a":0,"k":{"i":[[0,0],[0.749,0.749],[1.058,0],[0,0],[0.748,-0.748],[0,-1.059],[0,0],[-0.749,-0.748],[-1.058,0],[0,0],[-0.749,0.749],[0,1.059]],"o":[[0,-1.059],[-0.749,-0.748],[0,0],[-1.058,0],[-0.749,0.749],[0,0],[0,1.059],[0.748,0.749],[0,0],[1.058,0],[0.749,-0.748],[0,0]],"v":[[16.385,-0.002],[15.216,-2.825],[12.395,-3.993],[-12.395,-3.993],[-15.217,-2.825],[-16.385,-0.002],[-16.385,0.001],[-15.217,2.824],[-12.395,3.993],[12.395,3.993],[15.216,2.824],[16.385,0.001]],"c":true},"ix":2},"nm":"Path 1","mn":"ADBE Vector Shape - Group","hd":false},{"ty":"st","c":{"a":0,"k":[0.20000001496,0.20000001496,0.20000001496,1],"ix":3},"o":{"a":0,"k":100,"ix":4},"w":{"a":0,"k":2,"ix":5},"lc":2,"lj":2,"bm":0,"nm":"Stroke 1","mn":"ADBE Vector Graphic - Stroke","hd":false},{"ty":"fl","c":{"a":0,"k":[0.929411824544,0.792156922583,0.443137284821,1],"ix":4},"o":{"a":0,"k":100,"ix":5},"r":1,"bm":0,"nm":"Fill 1","mn":"ADBE Vector Graphic - Fill","hd":false},{"ty":"tr","p":{"a":0,"k":[25.529,58.964],"ix":2},"a":{"a":0,"k":[0,0],"ix":1},"s":{"a":0,"k":[100,100],"ix":3},"r":{"a":0,"k":0,"ix":6},"o":{"a":0,"k":100,"ix":7},"sk":{"a":0,"k":0,"ix":4},"sa":{"a":0,"k":0,"ix":5},"nm":"Transform"}],"nm":"Group 3","np":3,"cix":2,"bm":0,"ix":3,"mn":"ADBE Vector Group","hd":false},{"ty":"gr","it":[{"ind":0,"ty":"sh","ix":1,"ks":{"a":0,"k":{"i":[[0,-0.476],[0,0],[0.336,-0.336],[0.476,0],[0,0],[0.337,0.337],[0,0.475],[0,0],[-0.336,0.337],[-0.476,0],[0,0],[-0.337,-0.336]],"o":[[0,0],[0,0.475],[-0.337,0.337],[0,0],[-0.476,0],[-0.336,-0.336],[0,0],[0,-0.476],[0.337,-0.336],[0,0],[0.476,0],[0.336,0.337]],"v":[[12.29,-10.046],[12.29,-5.646],[11.764,-4.379],[10.497,-3.853],[5.891,-3.853],[4.622,-4.379],[4.096,-5.646],[4.096,-10.046],[4.622,-11.314],[5.891,-11.839],[10.497,-11.839],[11.764,-11.314]],"c":true},"ix":2},"nm":"Path 1","mn":"ADBE Vector Shape - Group","hd":false},{"ind":1,"ty":"sh","ix":2,"ks":{"a":0,"k":{"i":[[0,0],[0,0],[1.009,-1.009],[0,-1.427],[0,0],[-1.009,-1.009],[-1.426,0],[0,0],[0,0],[0,0],[-0.923,0.835],[0,0],[0,0],[0,0],[0,0],[0,0],[0,0],[0,0],[0,0],[0,0],[-0.033,1.335],[0,0],[0,0],[0,0],[2.971,0],[0,0],[0,-2.971]],"o":[[0,0],[-1.426,0],[-1.009,1.008],[0,0],[0,1.427],[1.009,1.008],[0,0],[0,0],[0,0],[1.335,-0.033],[0,0],[0,0],[0,0],[0,0],[0,0],[0,0],[0,0],[0,0],[0,0],[0.835,-0.924],[0,0],[0,0],[0,0],[0,-2.971],[0,0],[-2.971,0],[0,0]],"v":[[0.001,0],[-11.007,0],[-14.809,1.576],[-16.385,5.379],[-16.385,10.592],[-14.809,14.396],[-11.007,15.971],[11.007,15.971],[11.077,15.971],[11.141,15.97],[14.613,14.583],[14.624,14.574],[14.672,14.53],[14.719,14.486],[14.764,14.441],[14.811,14.396],[14.857,14.348],[14.904,14.3],[14.95,14.251],[14.997,14.199],[16.385,10.726],[16.385,10.659],[16.385,10.592],[16.385,-10.592],[11.007,-15.971],[5.38,-15.971],[0.001,-10.592]],"c":true},"ix":2},"nm":"Path 2","mn":"ADBE Vector Shape - Group","hd":false},{"ty":"mm","mm":1,"nm":"Merge Paths 1","mn":"ADBE Vector Filter - Merge","hd":false},{"ty":"st","c":{"a":0,"k":[0.20000001496,0.20000001496,0.20000001496,1],"ix":3},"o":{"a":0,"k":100,"ix":4},"w":{"a":0,"k":2,"ix":5},"lc":2,"lj":2,"bm":0,"nm":"Stroke 1","mn":"ADBE Vector Graphic - Stroke","hd":false},{"ty":"fl","c":{"a":0,"k":[0.929411824544,0.792156922583,0.443137284821,1],"ix":4},"o":{"a":0,"k":100,"ix":5},"r":1,"bm":0,"nm":"Fill 1","mn":"ADBE Vector Graphic - Fill","hd":false},{"ty":"tr","p":{"a":0,"k":[25.529,35],"ix":2},"a":{"a":0,"k":[0,0],"ix":1},"s":{"a":0,"k":[100,100],"ix":3},"r":{"a":0,"k":0,"ix":6},"o":{"a":0,"k":100,"ix":7},"sk":{"a":0,"k":0,"ix":4},"sa":{"a":0,"k":0,"ix":5},"nm":"Transform"}],"nm":"Group 4","np":5,"cix":2,"bm":0,"ix":4,"mn":"ADBE Vector Group","hd":false}],"ip":0,"op":24,"st":0,"bm":0},{"ddd":0,"ind":4,"ty":4,"nm":"pala/Excavadora Outlines","sr":1,"ks":{"o":{"a":0,"k":100,"ix":11},"r":{"a":1,"k":[{"i":{"x":[0.833],"y":[0.833]},"o":{"x":[0.167],"y":[0.167]},"t":0,"s":[118.04]},{"i":{"x":[0.833],"y":[0.833]},"o":{"x":[0.167],"y":[0.167]},"t":12,"s":[82.632]},{"t":24,"s":[118.04]}],"ix":10},"p":{"a":1,"k":[{"i":{"x":0.833,"y":0.833},"o":{"x":0.167,"y":0.167},"t":0,"s":[204.125,129.812,0],"to":[0,0,0],"ti":[0,0,0]},{"i":{"x":0.833,"y":0.833},"o":{"x":0.167,"y":0.167},"t":12,"s":[207.125,125.812,0],"to":[0,0,0],"ti":[0,0,0]},{"t":24,"s":[204.125,129.812,0]}],"ix":2,"l":2},"a":{"a":0,"k":[75.312,54.5,0],"ix":1,"l":2},"s":{"a":0,"k":[305.732,305.732,100],"ix":6,"l":2}},"ao":0,"shapes":[{"ty":"gr","it":[{"ind":0,"ty":"sh","ix":1,"ks":{"a":0,"k":{"i":[[-0.548,-3.229],[4.468,4.468],[4.468,-4.468],[-3.229,-3.229]],"o":[[4.468,-4.468],[-4.468,-4.468],[3.229,0.548],[3.229,3.229]],"v":[[5.861,10.329],[5.861,-5.861],[-10.329,-5.861],[0.195,-0.195]],"c":true},"ix":2},"nm":"Path 1","mn":"ADBE Vector Shape - Group","hd":false},{"ty":"st","c":{"a":0,"k":[0.20000001496,0.20000001496,0.20000001496,1],"ix":3},"o":{"a":0,"k":100,"ix":4},"w":{"a":0,"k":2,"ix":5},"lc":2,"lj":2,"bm":0,"nm":"Stroke 1","mn":"ADBE Vector Graphic - Stroke","hd":false},{"ty":"fl","c":{"a":0,"k":[0.929411824544,0.792156922583,0.443137284821,1],"ix":4},"o":{"a":0,"k":100,"ix":5},"r":1,"bm":0,"nm":"Fill 1","mn":"ADBE Vector Graphic - Fill","hd":false},{"ty":"tr","p":{"a":0,"k":[85.57,60.433],"ix":2},"a":{"a":0,"k":[0,0],"ix":1},"s":{"a":0,"k":[100,100],"ix":3},"r":{"a":0,"k":0,"ix":6},"o":{"a":0,"k":100,"ix":7},"sk":{"a":0,"k":0,"ix":4},"sa":{"a":0,"k":0,"ix":5},"nm":"Transform"}],"nm":"Group 1","np":3,"cix":2,"bm":0,"ix":1,"mn":"ADBE Vector Group","hd":false}],"ip":0,"op":24,"st":0,"bm":0}]},{"id":"comp_1","layers":[{"ddd":0,"ind":1,"ty":4,"nm":"Brazo 2/Excavadora Outlines","sr":1,"ks":{"o":{"a":0,"k":100,"ix":11},"r":{"a":1,"k":[{"i":{"x":[0.833],"y":[0.833]},"o":{"x":[0.167],"y":[0.167]},"t":0,"s":[-45]},{"i":{"x":[0.833],"y":[0.833]},"o":{"x":[0.167],"y":[0.167]},"t":12,"s":[-69.188]},{"i":{"x":[0.833],"y":[0.833]},"o":{"x":[0.167],"y":[0.167]},"t":24,"s":[-30.736]},{"i":{"x":[0.833],"y":[0.833]},"o":{"x":[0.167],"y":[0.167]},"t":30,"s":[-13.5]},{"i":{"x":[0.833],"y":[0.833]},"o":{"x":[0.167],"y":[0.167]},"t":36,"s":[-44.792]},{"t":48,"s":[-45]}],"ix":10},"p":{"a":0,"k":[93.516,128.953,0],"ix":2,"l":2},"a":{"a":0,"k":[36.891,44.078,0],"ix":1,"l":2},"s":{"a":0,"k":[305.732,305.732,100],"ix":6,"l":2}},"ao":0,"shapes":[{"ty":"gr","it":[{"ind":0,"ty":"sh","ix":1,"ks":{"a":0,"k":{"i":[[1.12,0],[0,1.119],[-1.12,0],[0,-1.12]],"o":[[-1.12,0],[0,-1.12],[1.12,0],[0,1.119]],"v":[[0,2.027],[-2.027,0.001],[0,-2.027],[2.027,0.001]],"c":true},"ix":2},"nm":"Path 1","mn":"ADBE Vector Shape - Group","hd":false},{"ty":"fl","c":{"a":0,"k":[0.20000001496,0.20000001496,0.20000001496,1],"ix":4},"o":{"a":0,"k":100,"ix":5},"r":1,"bm":0,"nm":"Fill 1","mn":"ADBE Vector Graphic - Fill","hd":false},{"ty":"tr","p":{"a":0,"k":[62.483,44.064],"ix":2},"a":{"a":0,"k":[0,0],"ix":1},"s":{"a":0,"k":[100,100],"ix":3},"r":{"a":0,"k":0,"ix":6},"o":{"a":0,"k":100,"ix":7},"sk":{"a":0,"k":0,"ix":4},"sa":{"a":0,"k":0,"ix":5},"nm":"Transform"}],"nm":"Group 1","np":2,"cix":2,"bm":0,"ix":1,"mn":"ADBE Vector Group","hd":false},{"ty":"gr","it":[{"ind":0,"ty":"sh","ix":1,"ks":{"a":0,"k":{"i":[[1.12,0],[0,1.119],[-1.12,0],[0,-1.12]],"o":[[-1.12,0],[0,-1.12],[1.12,0],[0,1.119]],"v":[[0,2.027],[-2.027,0.001],[0,-2.027],[2.027,0.001]],"c":true},"ix":2},"nm":"Path 1","mn":"ADBE Vector Shape - Group","hd":false},{"ty":"fl","c":{"a":0,"k":[0.20000001496,0.20000001496,0.20000001496,1],"ix":4},"o":{"a":0,"k":100,"ix":5},"r":1,"bm":0,"nm":"Fill 1","mn":"ADBE Vector Graphic - Fill","hd":false},{"ty":"tr","p":{"a":0,"k":[36.964,44.064],"ix":2},"a":{"a":0,"k":[0,0],"ix":1},"s":{"a":0,"k":[100,100],"ix":3},"r":{"a":0,"k":0,"ix":6},"o":{"a":0,"k":100,"ix":7},"sk":{"a":0,"k":0,"ix":4},"sa":{"a":0,"k":0,"ix":5},"nm":"Transform"}],"nm":"Group 2","np":2,"cix":2,"bm":0,"ix":2,"mn":"ADBE Vector Group","hd":false},{"ty":"gr","it":[{"ind":0,"ty":"sh","ix":1,"ks":{"a":0,"k":{"i":[[-2.08,0],[0,0],[0,-2.08],[2.08,0],[0,0],[0,2.08]],"o":[[0,0],[2.08,0],[0,2.08],[0,0],[-2.08,0],[0,-2.08]],"v":[[-12.893,-3.766],[12.894,-3.766],[16.66,0],[12.894,3.766],[-12.893,3.766],[-16.66,0]],"c":true},"ix":2},"nm":"Path 1","mn":"ADBE Vector Shape - Group","hd":false},{"ty":"st","c":{"a":0,"k":[0.20000001496,0.20000001496,0.20000001496,1],"ix":3},"o":{"a":0,"k":100,"ix":4},"w":{"a":0,"k":2,"ix":5},"lc":2,"lj":2,"bm":0,"nm":"Stroke 1","mn":"ADBE Vector Graphic - Stroke","hd":false},{"ty":"fl","c":{"a":0,"k":[0.929411824544,0.792156922583,0.443137284821,1],"ix":4},"o":{"a":0,"k":100,"ix":5},"r":1,"bm":0,"nm":"Fill 1","mn":"ADBE Vector Graphic - Fill","hd":false},{"ty":"tr","p":{"a":0,"k":[49.723,44.064],"ix":2},"a":{"a":0,"k":[0,0],"ix":1},"s":{"a":0,"k":[100,100],"ix":3},"r":{"a":0,"k":0,"ix":6},"o":{"a":0,"k":100,"ix":7},"sk":{"a":0,"k":0,"ix":4},"sa":{"a":0,"k":0,"ix":5},"nm":"Transform"}],"nm":"Group 3","np":3,"cix":2,"bm":0,"ix":3,"mn":"ADBE Vector Group","hd":false}],"ip":0,"op":48,"st":0,"bm":0},{"ddd":0,"ind":2,"ty":4,"nm":"Brazo1/Excavadora Outlines","sr":1,"ks":{"o":{"a":0,"k":100,"ix":11},"r":{"a":1,"k":[{"i":{"x":[0.833],"y":[1]},"o":{"x":[0.167],"y":[0]},"t":0,"s":[45]},{"i":{"x":[0.833],"y":[1]},"o":{"x":[0.167],"y":[0]},"t":12,"s":[19.657]},{"i":{"x":[0.833],"y":[1]},"o":{"x":[0.167],"y":[0]},"t":24,"s":[-30.22]},{"i":{"x":[0.565],"y":[0.661]},"o":{"x":[0.18],"y":[0]},"t":30,"s":[-14.017]},{"i":{"x":[0.841],"y":[1]},"o":{"x":[0.385],"y":[0.678]},"t":36,"s":[17.267]},{"t":48,"s":[45]}],"ix":10},"p":{"a":1,"k":[{"i":{"x":0.833,"y":0.833},"o":{"x":0.167,"y":0.167},"t":0,"s":[149.922,73.781,0],"to":[-0.645,-0.379,0],"ti":[6.816,4.282,0]},{"i":{"x":0.833,"y":0.833},"o":{"x":0.167,"y":0.167},"t":6,"s":[136.123,63.106,0],"to":[-7.07,-4.442,0],"ti":[0.085,0.17,0]},{"i":{"x":0.833,"y":0.833},"o":{"x":0.167,"y":0.167},"t":12,"s":[121.422,55.781,0],"to":[-0.084,-0.168,0],"ti":[-9.895,-8.611,0]},{"i":{"x":0.833,"y":0.833},"o":{"x":0.167,"y":0.167},"t":18,"s":[143.603,69.114,0],"to":[9.712,8.452,0],"ti":[-0.372,-0.041,0]},{"i":{"x":0.833,"y":0.833},"o":{"x":0.167,"y":0.167},"t":24,"s":[160.922,89.781,0],"to":[0.374,0.042,0],"ti":[-1.996,-5.072,0]},{"i":{"x":0.833,"y":0.833},"o":{"x":0.167,"y":0.167},"t":27,"s":[166.347,99.937,0],"to":[2.004,5.094,0],"ti":[-0.125,-0.125,0]},{"i":{"x":0.833,"y":0.833},"o":{"x":0.167,"y":0.167},"t":30,"s":[169.422,110.281,0],"to":[0.126,0.126,0],"ti":[5.195,9.184,0]},{"i":{"x":0.833,"y":0.833},"o":{"x":0.167,"y":0.167},"t":33,"s":[162.4,91.795,0],"to":[-5.118,-9.047,0],"ti":[0,0.165,0]},{"i":{"x":0.833,"y":0.833},"o":{"x":0.167,"y":0.167},"t":36,"s":[148.922,73.781,0],"to":[0,-0.202,0],"ti":[-0.665,-0.286,0]},{"i":{"x":0.833,"y":0.833},"o":{"x":0.167,"y":0.167},"t":42,"s":[149.225,73.846,0],"to":[0.435,0.187,0],"ti":[2.187,1.285,0]},{"t":48,"s":[149.922,73.781,0]}],"ix":2,"l":2},"a":{"a":0,"k":[62.453,44.094,0],"ix":1,"l":2},"s":{"a":0,"k":[305.732,305.732,100],"ix":6,"l":2}},"ao":0,"shapes":[{"ty":"gr","it":[{"ind":0,"ty":"sh","ix":1,"ks":{"a":0,"k":{"i":[[1.12,0],[0,1.119],[-1.12,0],[0,-1.12]],"o":[[-1.12,0],[0,-1.12],[1.12,0],[0,1.119]],"v":[[0,2.027],[-2.027,0.001],[0,-2.027],[2.027,0.001]],"c":true},"ix":2},"nm":"Path 1","mn":"ADBE Vector Shape - Group","hd":false},{"ty":"fl","c":{"a":0,"k":[0.20000001496,0.20000001496,0.20000001496,1],"ix":4},"o":{"a":0,"k":100,"ix":5},"r":1,"bm":0,"nm":"Fill 1","mn":"ADBE Vector Graphic - Fill","hd":false},{"ty":"tr","p":{"a":0,"k":[88.001,44.064],"ix":2},"a":{"a":0,"k":[0,0],"ix":1},"s":{"a":0,"k":[100,100],"ix":3},"r":{"a":0,"k":0,"ix":6},"o":{"a":0,"k":100,"ix":7},"sk":{"a":0,"k":0,"ix":4},"sa":{"a":0,"k":0,"ix":5},"nm":"Transform"}],"nm":"Group 1","np":2,"cix":2,"bm":0,"ix":1,"mn":"ADBE Vector Group","hd":false},{"ty":"gr","it":[{"ind":0,"ty":"sh","ix":1,"ks":{"a":0,"k":{"i":[[1.12,0],[0,1.119],[-1.12,0],[0,-1.12]],"o":[[-1.12,0],[0,-1.12],[1.12,0],[0,1.119]],"v":[[0,2.027],[-2.027,0.001],[0,-2.027],[2.027,0.001]],"c":true},"ix":2},"nm":"Path 1","mn":"ADBE Vector Shape - Group","hd":false},{"ty":"fl","c":{"a":0,"k":[0.20000001496,0.20000001496,0.20000001496,1],"ix":4},"o":{"a":0,"k":100,"ix":5},"r":1,"bm":0,"nm":"Fill 1","mn":"ADBE Vector Graphic - Fill","hd":false},{"ty":"tr","p":{"a":0,"k":[62.481,44.064],"ix":2},"a":{"a":0,"k":[0,0],"ix":1},"s":{"a":0,"k":[100,100],"ix":3},"r":{"a":0,"k":0,"ix":6},"o":{"a":0,"k":100,"ix":7},"sk":{"a":0,"k":0,"ix":4},"sa":{"a":0,"k":0,"ix":5},"nm":"Transform"}],"nm":"Group 2","np":2,"cix":2,"bm":0,"ix":2,"mn":"ADBE Vector Group","hd":false},{"ty":"gr","it":[{"ind":0,"ty":"sh","ix":1,"ks":{"a":0,"k":{"i":[[-2.08,0],[0,0],[0,-2.08],[2.08,0],[0,0],[0,2.08]],"o":[[0,0],[2.08,0],[0,2.08],[0,0],[-2.08,0],[0,-2.08]],"v":[[-12.893,-3.766],[12.894,-3.766],[16.66,0],[12.894,3.766],[-12.893,3.766],[-16.66,0]],"c":true},"ix":2},"nm":"Path 1","mn":"ADBE Vector Shape - Group","hd":false},{"ty":"st","c":{"a":0,"k":[0.20000001496,0.20000001496,0.20000001496,1],"ix":3},"o":{"a":0,"k":100,"ix":4},"w":{"a":0,"k":2,"ix":5},"lc":2,"lj":2,"bm":0,"nm":"Stroke 1","mn":"ADBE Vector Graphic - Stroke","hd":false},{"ty":"fl","c":{"a":0,"k":[0.929411824544,0.792156922583,0.443137284821,1],"ix":4},"o":{"a":0,"k":100,"ix":5},"r":1,"bm":0,"nm":"Fill 1","mn":"ADBE Vector Graphic - Fill","hd":false},{"ty":"tr","p":{"a":0,"k":[75.241,44.064],"ix":2},"a":{"a":0,"k":[0,0],"ix":1},"s":{"a":0,"k":[100,100],"ix":3},"r":{"a":0,"k":0,"ix":6},"o":{"a":0,"k":100,"ix":7},"sk":{"a":0,"k":0,"ix":4},"sa":{"a":0,"k":0,"ix":5},"nm":"Transform"}],"nm":"Group 3","np":3,"cix":2,"bm":0,"ix":3,"mn":"ADBE Vector Group","hd":false}],"ip":0,"op":48,"st":0,"bm":0},{"ddd":0,"ind":3,"ty":4,"nm":"Cabina/Excavadora Outlines","sr":1,"ks":{"o":{"a":0,"k":100,"ix":11},"r":{"a":0,"k":0,"ix":10},"p":{"a":0,"k":[62.75,118.375,0],"ix":2,"l":2},"a":{"a":0,"k":[25.75,41.375,0],"ix":1,"l":2},"s":{"a":0,"k":[305.732,305.732,100],"ix":6,"l":2}},"ao":0,"shapes":[{"ty":"gr","it":[{"ind":0,"ty":"sh","ix":1,"ks":{"a":0,"k":{"i":[[1.12,0],[0,1.119],[-1.12,0],[0,-1.12]],"o":[[-1.12,0],[0,-1.12],[1.12,0],[0,1.119]],"v":[[0,2.027],[-2.027,0.001],[0,-2.027],[2.027,0.001]],"c":true},"ix":2},"nm":"Path 1","mn":"ADBE Vector Shape - Group","hd":false},{"ty":"fl","c":{"a":0,"k":[0.20000001496,0.20000001496,0.20000001496,1],"ix":4},"o":{"a":0,"k":100,"ix":5},"r":1,"bm":0,"nm":"Fill 1","mn":"ADBE Vector Graphic - Fill","hd":false},{"ty":"tr","p":{"a":0,"k":[37.917,58.964],"ix":2},"a":{"a":0,"k":[0,0],"ix":1},"s":{"a":0,"k":[100,100],"ix":3},"r":{"a":0,"k":0,"ix":6},"o":{"a":0,"k":100,"ix":7},"sk":{"a":0,"k":0,"ix":4},"sa":{"a":0,"k":0,"ix":5},"nm":"Transform"}],"nm":"Group 1","np":2,"cix":2,"bm":0,"ix":1,"mn":"ADBE Vector Group","hd":false},{"ty":"gr","it":[{"ind":0,"ty":"sh","ix":1,"ks":{"a":0,"k":{"i":[[1.12,0],[0,1.119],[-1.12,0],[0,-1.12]],"o":[[-1.12,0],[0,-1.12],[1.12,0],[0,1.119]],"v":[[0,2.027],[-2.027,0.001],[0,-2.027],[2.027,0.001]],"c":true},"ix":2},"nm":"Path 1","mn":"ADBE Vector Shape - Group","hd":false},{"ty":"fl","c":{"a":0,"k":[0.20000001496,0.20000001496,0.20000001496,1],"ix":4},"o":{"a":0,"k":100,"ix":5},"r":1,"bm":0,"nm":"Fill 1","mn":"ADBE Vector Graphic - Fill","hd":false},{"ty":"tr","p":{"a":0,"k":[13.141,58.964],"ix":2},"a":{"a":0,"k":[0,0],"ix":1},"s":{"a":0,"k":[100,100],"ix":3},"r":{"a":0,"k":0,"ix":6},"o":{"a":0,"k":100,"ix":7},"sk":{"a":0,"k":0,"ix":4},"sa":{"a":0,"k":0,"ix":5},"nm":"Transform"}],"nm":"Group 2","np":2,"cix":2,"bm":0,"ix":2,"mn":"ADBE Vector Group","hd":false},{"ty":"gr","it":[{"ind":0,"ty":"sh","ix":1,"ks":{"a":0,"k":{"i":[[0,0],[0.749,0.749],[1.058,0],[0,0],[0.748,-0.748],[0,-1.059],[0,0],[-0.749,-0.748],[-1.058,0],[0,0],[-0.749,0.749],[0,1.059]],"o":[[0,-1.059],[-0.749,-0.748],[0,0],[-1.058,0],[-0.749,0.749],[0,0],[0,1.059],[0.748,0.749],[0,0],[1.058,0],[0.749,-0.748],[0,0]],"v":[[16.385,-0.002],[15.216,-2.825],[12.395,-3.993],[-12.395,-3.993],[-15.217,-2.825],[-16.385,-0.002],[-16.385,0.001],[-15.217,2.824],[-12.395,3.993],[12.395,3.993],[15.216,2.824],[16.385,0.001]],"c":true},"ix":2},"nm":"Path 1","mn":"ADBE Vector Shape - Group","hd":false},{"ty":"st","c":{"a":0,"k":[0.20000001496,0.20000001496,0.20000001496,1],"ix":3},"o":{"a":0,"k":100,"ix":4},"w":{"a":0,"k":2,"ix":5},"lc":2,"lj":2,"bm":0,"nm":"Stroke 1","mn":"ADBE Vector Graphic - Stroke","hd":false},{"ty":"fl","c":{"a":0,"k":[0.929411824544,0.792156922583,0.443137284821,1],"ix":4},"o":{"a":0,"k":100,"ix":5},"r":1,"bm":0,"nm":"Fill 1","mn":"ADBE Vector Graphic - Fill","hd":false},{"ty":"tr","p":{"a":0,"k":[25.529,58.964],"ix":2},"a":{"a":0,"k":[0,0],"ix":1},"s":{"a":0,"k":[100,100],"ix":3},"r":{"a":0,"k":0,"ix":6},"o":{"a":0,"k":100,"ix":7},"sk":{"a":0,"k":0,"ix":4},"sa":{"a":0,"k":0,"ix":5},"nm":"Transform"}],"nm":"Group 3","np":3,"cix":2,"bm":0,"ix":3,"mn":"ADBE Vector Group","hd":false},{"ty":"gr","it":[{"ind":0,"ty":"sh","ix":1,"ks":{"a":0,"k":{"i":[[0,-0.476],[0,0],[0.336,-0.336],[0.476,0],[0,0],[0.337,0.337],[0,0.475],[0,0],[-0.336,0.337],[-0.476,0],[0,0],[-0.337,-0.336]],"o":[[0,0],[0,0.475],[-0.337,0.337],[0,0],[-0.476,0],[-0.336,-0.336],[0,0],[0,-0.476],[0.337,-0.336],[0,0],[0.476,0],[0.336,0.337]],"v":[[12.29,-10.046],[12.29,-5.646],[11.764,-4.379],[10.497,-3.853],[5.891,-3.853],[4.622,-4.379],[4.096,-5.646],[4.096,-10.046],[4.622,-11.314],[5.891,-11.839],[10.497,-11.839],[11.764,-11.314]],"c":true},"ix":2},"nm":"Path 1","mn":"ADBE Vector Shape - Group","hd":false},{"ind":1,"ty":"sh","ix":2,"ks":{"a":0,"k":{"i":[[0,0],[0,0],[1.009,-1.009],[0,-1.427],[0,0],[-1.009,-1.009],[-1.426,0],[0,0],[0,0],[0,0],[-0.923,0.835],[0,0],[0,0],[0,0],[0,0],[0,0],[0,0],[0,0],[0,0],[0,0],[-0.033,1.335],[0,0],[0,0],[0,0],[2.971,0],[0,0],[0,-2.971]],"o":[[0,0],[-1.426,0],[-1.009,1.008],[0,0],[0,1.427],[1.009,1.008],[0,0],[0,0],[0,0],[1.335,-0.033],[0,0],[0,0],[0,0],[0,0],[0,0],[0,0],[0,0],[0,0],[0,0],[0.835,-0.924],[0,0],[0,0],[0,0],[0,-2.971],[0,0],[-2.971,0],[0,0]],"v":[[0.001,0],[-11.007,0],[-14.809,1.576],[-16.385,5.379],[-16.385,10.592],[-14.809,14.396],[-11.007,15.971],[11.007,15.971],[11.077,15.971],[11.141,15.97],[14.613,14.583],[14.624,14.574],[14.672,14.53],[14.719,14.486],[14.764,14.441],[14.811,14.396],[14.857,14.348],[14.904,14.3],[14.95,14.251],[14.997,14.199],[16.385,10.726],[16.385,10.659],[16.385,10.592],[16.385,-10.592],[11.007,-15.971],[5.38,-15.971],[0.001,-10.592]],"c":true},"ix":2},"nm":"Path 2","mn":"ADBE Vector Shape - Group","hd":false},{"ty":"mm","mm":1,"nm":"Merge Paths 1","mn":"ADBE Vector Filter - Merge","hd":false},{"ty":"st","c":{"a":0,"k":[0.20000001496,0.20000001496,0.20000001496,1],"ix":3},"o":{"a":0,"k":100,"ix":4},"w":{"a":0,"k":2,"ix":5},"lc":2,"lj":2,"bm":0,"nm":"Stroke 1","mn":"ADBE Vector Graphic - Stroke","hd":false},{"ty":"fl","c":{"a":0,"k":[0.929411824544,0.792156922583,0.443137284821,1],"ix":4},"o":{"a":0,"k":100,"ix":5},"r":1,"bm":0,"nm":"Fill 1","mn":"ADBE Vector Graphic - Fill","hd":false},{"ty":"tr","p":{"a":0,"k":[25.529,35],"ix":2},"a":{"a":0,"k":[0,0],"ix":1},"s":{"a":0,"k":[100,100],"ix":3},"r":{"a":0,"k":0,"ix":6},"o":{"a":0,"k":100,"ix":7},"sk":{"a":0,"k":0,"ix":4},"sa":{"a":0,"k":0,"ix":5},"nm":"Transform"}],"nm":"Group 4","np":5,"cix":2,"bm":0,"ix":4,"mn":"ADBE Vector Group","hd":false}],"ip":0,"op":48,"st":0,"bm":0},{"ddd":0,"ind":4,"ty":4,"nm":"pala/Excavadora Outlines","sr":1,"ks":{"o":{"a":0,"k":100,"ix":11},"r":{"a":1,"k":[{"i":{"x":[0.833],"y":[0.833]},"o":{"x":[0.167],"y":[0.167]},"t":0,"s":[118.04]},{"i":{"x":[0.833],"y":[0.833]},"o":{"x":[0.167],"y":[0.167]},"t":12,"s":[46.618]},{"i":{"x":[0.833],"y":[0.833]},"o":{"x":[0.167],"y":[0.167]},"t":24,"s":[-61.228]},{"i":{"x":[0.833],"y":[0.833]},"o":{"x":[0.167],"y":[0.167]},"t":30,"s":[-31.227]},{"i":{"x":[0.833],"y":[0.833]},"o":{"x":[0.167],"y":[0.167]},"t":36,"s":[70.323]},{"t":48,"s":[118.04]}],"ix":10},"p":{"a":1,"k":[{"i":{"x":0.833,"y":0.833},"o":{"x":0.167,"y":0.167},"t":0,"s":[204.125,129.812,0],"to":[0.613,-5.485,0],"ti":[1.918,9.913,0]},{"i":{"x":0.833,"y":0.833},"o":{"x":0.167,"y":0.167},"t":6,"s":[203.404,104.13,0],"to":[-2.421,-12.51,0],"ti":[0.093,0.187,0]},{"i":{"x":0.833,"y":0.833},"o":{"x":0.167,"y":0.167},"t":12,"s":[194.875,82.562,0],"to":[-0.083,-0.167,0],"ti":[-8.552,11.156,0]},{"i":{"x":0.833,"y":0.833},"o":{"x":0.167,"y":0.167},"t":18,"s":[221.844,62.531,0],"to":[7.063,-9.213,0],"ti":[-0.166,0,0]},{"i":{"x":0.833,"y":0.833},"o":{"x":0.167,"y":0.167},"t":24,"s":[228.125,49.812,0],"to":[0.333,0,0],"ti":[-0.25,-0.25,0]},{"i":{"x":0.833,"y":0.833},"o":{"x":0.167,"y":0.167},"t":30,"s":[245.625,90.812,0],"to":[0.125,0.125,0],"ti":[5.297,-0.888,0]},{"i":{"x":0.833,"y":0.833},"o":{"x":0.167,"y":0.167},"t":33,"s":[240.423,94.289,0],"to":[-5.266,0.882,0],"ti":[0,0.166,0]},{"i":{"x":0.833,"y":0.833},"o":{"x":0.167,"y":0.167},"t":36,"s":[224.625,94.312,0],"to":[0,-0.184,0],"ti":[6.585,-9.416,0]},{"i":{"x":0.833,"y":0.833},"o":{"x":0.167,"y":0.167},"t":42,"s":[212.487,120.33,0],"to":[-2.703,3.865,0],"ti":[2.71,-1.376,0]},{"t":48,"s":[204.125,129.812,0]}],"ix":2,"l":2},"a":{"a":0,"k":[75.312,54.5,0],"ix":1,"l":2},"s":{"a":0,"k":[305.732,305.732,100],"ix":6,"l":2}},"ao":0,"shapes":[{"ty":"gr","it":[{"ind":0,"ty":"sh","ix":1,"ks":{"a":0,"k":{"i":[[-0.548,-3.229],[4.468,4.468],[4.468,-4.468],[-3.229,-3.229]],"o":[[4.468,-4.468],[-4.468,-4.468],[3.229,0.548],[3.229,3.229]],"v":[[5.861,10.329],[5.861,-5.861],[-10.329,-5.861],[0.195,-0.195]],"c":true},"ix":2},"nm":"Path 1","mn":"ADBE Vector Shape - Group","hd":false},{"ty":"st","c":{"a":0,"k":[0.20000001496,0.20000001496,0.20000001496,1],"ix":3},"o":{"a":0,"k":100,"ix":4},"w":{"a":0,"k":2,"ix":5},"lc":2,"lj":2,"bm":0,"nm":"Stroke 1","mn":"ADBE Vector Graphic - Stroke","hd":false},{"ty":"fl","c":{"a":0,"k":[0.929411824544,0.792156922583,0.443137284821,1],"ix":4},"o":{"a":0,"k":100,"ix":5},"r":1,"bm":0,"nm":"Fill 1","mn":"ADBE Vector Graphic - Fill","hd":false},{"ty":"tr","p":{"a":0,"k":[85.57,60.433],"ix":2},"a":{"a":0,"k":[0,0],"ix":1},"s":{"a":0,"k":[100,100],"ix":3},"r":{"a":0,"k":0,"ix":6},"o":{"a":0,"k":100,"ix":7},"sk":{"a":0,"k":0,"ix":4},"sa":{"a":0,"k":0,"ix":5},"nm":"Transform"}],"nm":"Group 1","np":3,"cix":2,"bm":0,"ix":1,"mn":"ADBE Vector Group","hd":false}],"ip":0,"op":48,"st":0,"bm":0}]}],"layers":[{"ddd":0,"ind":1,"ty":0,"nm":"Estrellarse","refId":"comp_0","sr":1,"ks":{"o":{"a":0,"k":100,"ix":11},"r":{"a":0,"k":0,"ix":10},"p":{"a":0,"k":[532.25,40,0],"ix":2,"l":2},"a":{"a":0,"k":[200,100,0],"ix":1,"l":2},"s":{"a":0,"k":[39.875,39.875,100],"ix":6,"l":2}},"ao":0,"w":400,"h":200,"ip":0,"op":24,"st":0,"bm":0},{"ddd":0,"ind":2,"ty":0,"nm":"Excavar","refId":"comp_1","sr":1,"ks":{"o":{"a":0,"k":100,"ix":11},"r":{"a":0,"k":0,"ix":10},"p":{"a":0,"k":[532.25,40,0],"ix":2,"l":2},"a":{"a":0,"k":[200,100,0],"ix":1,"l":2},"s":{"a":0,"k":[39.875,39.875,100],"ix":6,"l":2}},"ao":0,"w":400,"h":200,"ip":24,"op":72,"st":24,"bm":0}],"markers":[]}